Cod_SBS,Cod_Emp,Tipo_Credit,Nivel2,Moneda,SubCodigoCuenta,Condicion,Val_Saldo,Clasif_Deu,Cod_Cuenta
2003851826,70014,51,11,4,15030202000,001490,0000,0,11415030202000
2003851826,70014,01,18,1,13020000000,004270,0000,0,18113020000000
2003851826,70014,51,11,4,19030100000,000000,0000,0,11419030100000
2003851826,70014,51,18,1,19230000000,000000,0000,0,18119230000000
2002928000,20048,01,28,1,13020000000,062330,0000,0,28113020000000
2001658439,80048,01,28,1,13020000000,068790,0000,0,28113020000000
2001658439,80048,01,28,1,23020000000,079910,0000,0,28123020000000
2005095794,20000,11,08,1,13020000000,046970,0000,0,08113020000000
2001509668,30022,81,08,1,13020000000,052030,0000,0,08113020000000
2001509668,30022,81,08,1,13020000000,051960,0000,0,08113020000000
2001509668,30022,81,08,1,13020000000,051860,0000,0,08113020000000
2006072723,60022,81,08,1,13020000000,051380,0000,0,08113020000000
2001023118,30000,21,17,2,15060300000,000000,0000,0,17215060300000
2001023118,30000,21,18,1,19230000000,000000,0000,0,18119230000000
2003176923,00006,11,21,4,19030600000,000000,0000,0,21419030600000
2003176923,00006,11,21,4,18030000000,000000,0000,0,21418030000000
2003176923,00007,21,17,2,15060300000,000000,0000,0,17215060300000
2003176923,00006,11,28,1,19370301000,000000,0000,0,28119370301000
2003176923,00007,21,18,1,19230000000,000000,0000,0,18119230000000
2003176923,00006,11,21,4,11030603000,000000,0000,0,21411030603000
2002110111,70010,41,17,2,15030301000,000000,0000,0,17215030301000
2002110111,70006,11,21,4,18030000000,000000,0000,0,21418030000000
2002110111,70006,11,21,4,11030603000,000000,0000,0,21411030603000
2002110111,70010,49,98,4,14090000000,000000,0000,0,98414090000000
2002110111,70010,41,21,4,19030600000,000000,0000,0,21419030600000
2002110111,70010,41,21,4,18030000000,000000,0000,0,21418030000000
2002110111,70010,41,21,4,11031300000,000000,0000,0,21411031300000
2002110111,70010,41,11,4,18030000000,000000,0000,0,11418030000000
2002110111,70006,11,21,4,19030600000,000000,0000,0,21419030600000
2002110111,70006,11,28,1,19370301000,000000,0000,0,28119370301000
2002110111,70010,41,12,9,11010100000,000000,0000,0,12911010100000
2002110111,70010,41,11,4,11030601000,000000,0000,0,11411030601000
2002110111,70010,41,11,4,19030600000,000000,0000,0,11419030600000
2002110111,70010,41,18,1,19370301000,000000,0000,0,18119370301000
2005425530,60007,21,17,2,15060300000,000000,0000,0,17215060300000
2005425530,60007,21,11,4,19030600000,000000,0000,0,11419030600000
2005425530,60000,11,11,4,18030000000,000000,0000,0,11418030000000
2005425530,60010,41,21,4,19030600000,000000,0000,0,21419030600000
2005425530,60007,21,11,4,18030000000,000000,0000,0,11418030000000
2005425530,60010,41,28,1,19370301000,000000,0000,0,28119370301000
2005425530,60000,11,18,1,19230000000,000000,0000,0,18119230000000
2005425530,60007,21,18,1,19230000000,000000,0000,0,18119230000000
2005425530,60007,21,11,5,15010200000,000000,0000,0,11515010200000
2005425530,60012,91,18,1,19230000000,000000,0000,0,18119230000000
2005425530,60007,21,11,4,11030209000,000000,0000,0,11411030209000
2005425530,60010,41,21,4,11030603000,000000,0000,0,21411030603000
2005425530,60007,21,11,4,11030201000,000000,0000,0,11411030201000
2005425530,60012,91,17,2,15060300000,000000,0000,0,17215060300000
2005425530,60010,41,21,4,18030000000,000000,0000,0,21418030000000
2005425530,60000,11,17,2,15060300000,000000,0000,0,17215060300000
2005425530,60007,21,18,1,19370301000,000000,0000,0,18119370301000
2002933185,50039,11,28,1,13020000000,026160,0000,0,28113020000000
2001908869,30022,81,08,1,13020000000,058540,0000,0,08113020000000
2003413447,20000,11,31,4,18040000000,000000,0000,0,31418040000000
2003413447,20014,21,11,5,15010200000,000000,0000,0,11515010200000
2003413447,20000,11,38,4,14051000000,000000,0000,0,38414051000000
2003413447,20014,21,11,4,11030202000,000000,0000,0,11411030202000
2003413447,20000,11,38,4,14030000000,000000,0000,0,38414030000000
2003413447,20000,11,08,4,14020102000,000150,0000,0,08414020102000
2003413447,20014,21,17,2,15060300000,000000,0000,0,17215060300000
2003413447,20000,11,31,4,11042300000,000000,0000,0,31411042300000
2003413447,20014,21,18,1,19230000000,000000,0000,0,18119230000000
2001285734,90010,41,08,1,19250000000,000000,0000,0,08119250000000
2004088582,00000,21,18,1,13020000000,007780,0000,0,18113020000000
2004088582,00014,21,18,1,13020000000,013700,0000,0,18113020000000
2010326680,70010,10,98,4,14051100000,000000,0000,0,98414051100000
2010326680,70010,70,98,4,14090000000,000000,0000,0,98414090000000
2010326680,70010,10,98,1,18011301000,000000,0000,0,98118011301000
2010326680,70010,10,91,4,11130602000,000000,0000,0,91411130602000
2010326680,70010,10,98,1,18011302000,000000,0000,0,98118011302000
2010326680,70010,70,98,4,14100000000,000000,0000,0,98414100000000
2010326680,70010,10,91,4,18130000000,000000,0000,0,91418130000000
2010326680,70010,70,91,4,18130000000,000000,0000,0,91418130000000
2010326680,70010,70,91,4,11130602000,000000,0000,0,91411130602000
2013869924,20012,30,98,4,14051100000,000000,0000,0,98414051100000
2013869924,20012,30,98,1,18011302000,000000,0000,0,98118011302000
2013869924,20010,30,91,4,11130602000,000000,0000,0,91411130602000
2013869924,20012,30,98,4,14100000000,000000,0000,0,98414100000000
2013869924,20012,30,98,1,18011301000,000000,0000,0,98118011301000
2013869924,20012,30,97,2,15031300000,000000,0000,0,97215031300000
2013869924,20010,30,91,4,18130000000,000000,0000,0,91418130000000
2013869924,20012,30,98,4,14090000000,000000,0000,0,98414090000000
2013869924,20010,30,98,4,14100000000,000000,0000,0,98414100000000
2013869924,20012,30,91,4,11130602000,000000,0000,0,91411130602000
2013869924,20012,30,91,4,18130000000,000000,0000,0,91418130000000
2011953058,00000,40,98,1,13020000000,003690,0000,0,98113020000000
2011953058,00000,60,97,2,15061300000,000000,0000,0,97215061300000
2011249574,60000,11,01,4,11020209000,000000,0000,0,01411020209000
2011249574,60000,11,07,2,15060200000,000000,0000,0,07215060200000
2011249574,60000,11,08,1,19370201000,000000,0000,0,08119370201000
2011249574,60000,11,01,4,11020602000,000000,0000,0,01411020602000
2011249574,60000,11,02,9,11020100000,000000,0000,0,02911020100000
2011249574,60000,11,08,1,18010202000,000000,0000,0,08118010202000
2011249574,60000,11,01,4,18020000000,000000,0000,0,01418020000000
2011249574,60000,11,08,1,18010201000,000000,0000,0,08118010201000
2011249574,60000,11,01,4,11020201000,000000,0000,0,01411020201000
2011249574,60000,11,08,4,14051100000,000000,0000,0,08414051100000
2010164720,00000,11,01,4,11020201000,000000,0000,0,01411020201000
2010164720,00000,11,07,2,15060200000,000000,0000,0,07215060200000
2010164720,00000,49,98,4,24020900000,027600,0000,0,98424020900000
2010164720,00000,11,01,4,18020000000,000000,0000,0,01418020000000
2014037199,80000,11,08,1,13020000000,030860,0000,0,08113020000000
2010074820,70000,10,98,1,13020000000,025640,0000,0,98113020000000
2010074820,70027,81,08,1,19250000000,013280,0000,0,08119250000000
2011432335,70048,80,98,1,13020000000,022820,0000,0,98113020000000
2011432335,70000,10,98,1,13020000000,032190,0000,0,98113020000000
2009512640,50000,10,98,1,18011301000,000000,0000,0,98118011301000
2009512640,50000,10,98,4,14051100000,000000,0000,0,98414051100000
2009512640,50000,10,98,4,24020102000,005190,0000,0,98424020102000
2009512640,50000,10,91,4,11130609000,000000,0000,0,91411130609000
2009512640,50000,10,91,4,18130000000,000000,0000,0,91418130000000
2009512640,50000,10,98,1,18011302000,000000,0000,0,98118011302000
2012656628,00000,60,98,4,24020102000,000000,0000,0,98424020102000
2012656628,00000,60,91,4,11130602000,000000,0000,0,91411130602000
2012656628,00000,60,98,1,18011301000,000000,0000,0,98118011301000
2012656628,00000,60,98,1,18011302000,000000,0000,0,98118011302000
2012656628,00000,60,98,4,14100000000,000000,0000,0,98414100000000
2012656628,00000,60,91,4,18130000000,000000,0000,0,91418130000000
2012656628,00000,60,98,4,14051100000,000000,0000,0,98414051100000
2012656628,00000,60,97,2,15061300000,000000,0000,0,97215061300000
2016424152,10022,00,88,4,14100000000,000000,0000,0,88414100000000
2016424152,10022,00,87,1,12000000000,000000,0000,0,87112000000000
2011804448,70000,10,98,1,18011301000,000000,0000,0,98118011301000
2011804448,70000,10,92,9,11020100000,000000,0000,0,92911020100000
2011804448,70000,10,91,4,11130602000,000000,0000,0,91411130602000
2011804448,70000,10,98,1,18011302000,000000,0000,0,98118011302000
2011804448,70000,10,98,4,14051100000,000000,0000,0,98414051100000
2010327851,10000,11,08,1,13020000000,032960,0000,0,08113020000000
2013647247,00000,10,91,4,18130000000,000000,0000,0,91418130000000
2013647247,00000,10,91,4,11130609000,000000,0000,0,91411130609000
2013647247,00000,10,98,4,24020102000,003270,0000,0,98424020102000
2013647247,00000,10,98,1,18011301000,000000,0000,0,98118011301000
2013647247,00000,10,98,1,18011302000,000000,0000,0,98118011302000
2013647247,00000,10,98,4,14051100000,000000,0000,0,98414051100000
2013647247,00000,10,98,4,24090000000,000000,0000,0,98424090000000
2010692478,30000,60,81,4,11120602000,000000,0000,0,81411120602000
2010692478,30000,60,88,4,14100000000,000000,0000,0,88414100000000
2010692478,30000,10,88,1,18011202000,000000,0000,0,88118011202000
2010692478,30000,60,88,4,24020102000,000000,0000,0,88424020102000
2010692478,30000,60,88,1,18011201000,000000,0000,0,88118011201000
2010692478,30000,60,88,1,19371201000,000000,0000,0,88119371201000
2010692478,30000,60,88,4,14051100000,000000,0000,0,88414051100000
2010692478,30000,10,88,4,14051100000,000000,0000,0,88414051100000
2010692478,30000,10,81,4,11120602000,000000,0000,0,81411120602000
2010692478,30000,10,88,1,18011201000,000000,0000,0,88118011201000
2010692478,30000,60,87,2,15031200000,000000,0000,0,87215031200000
2010692478,30000,10,81,4,18120000000,011210,0000,0,81418120000000
2010692478,30000,60,88,1,18011202000,000000,0000,0,88118011202000
2010692478,30000,60,81,4,11120601000,000000,0000,0,81411120601000
2010692478,30000,60,81,4,18120000000,000000,0000,0,81418120000000
2010692478,30000,10,82,9,11020100000,000000,0000,0,82911020100000
2009909673,00000,10,98,1,13020000000,027780,0000,0,98113020000000
2009909673,00000,10,98,1,13020000000,014150,0000,0,98113020000000
2009909673,00000,10,98,4,24020102000,007000,0000,0,98424020102000
2009808395,20000,60,87,2,15061200000,000000,0000,0,87215061200000
2009808395,20000,10,81,4,11120602000,000000,0000,0,81411120602000
2009808395,20000,10,88,1,18011202000,000000,0000,0,88118011202000
2009808395,20000,10,88,4,14051100000,000000,0000,0,88414051100000
2009808395,20000,40,88,4,14100000000,000000,0000,0,88414100000000
2009808395,20000,10,88,1,19371201000,000000,0000,0,88119371201000
2009808395,20000,10,82,9,11020100000,000000,0000,0,82911020100000
2009808395,20000,40,88,1,19371201000,000000,0000,0,88119371201000
2009808395,20000,60,81,4,11120200000,000000,0000,0,81411120200000
2009808395,20000,60,81,4,11120602000,000000,0000,0,81411120602000
2009808395,20000,40,81,4,11120602000,000000,0000,0,81411120602000
2009808395,20000,10,88,1,18011201000,000000,0000,0,88118011201000
2009808395,20000,60,88,1,19371201000,000000,0000,0,88119371201000
2009808395,20000,60,81,4,18120000000,000000,0000,0,81418120000000
2009808395,20000,60,87,2,15031200000,000000,0000,0,87215031200000
2009808395,20000,40,81,4,18120000000,000000,0000,0,81418120000000
2010707914,90000,49,91,5,25090000000,000000,0000,0,91525090000000
2010134358,80000,69,98,4,24020102000,000000,0000,0,98424020102000
2010808436,70000,69,91,5,25090000000,000000,0000,0,91525090000000
2015769441,30000,10,91,4,11130602000,000000,0000,0,91411130602000
2015769441,30000,10,98,1,19371301000,000000,0000,0,98119371301000
2015769441,30000,10,91,4,18130000000,000000,0000,0,91418130000000
2015769441,30000,10,98,4,24020102000,001950,0000,0,98424020102000
2011810708,00000,60,91,4,18130000000,000000,0000,0,91418130000000
2011810708,00000,60,98,4,14051100000,000000,0000,0,98414051100000
2011810708,00000,60,91,4,11130602000,000000,0000,0,91411130602000
2011810708,00000,60,98,1,18011301000,000000,0000,0,98118011301000
2011810708,00000,60,98,4,14100000000,000000,0000,0,98414100000000
2011810708,00000,60,98,1,18011302000,000000,0000,0,98118011302000
2010762248,90012,30,98,4,14090000000,000000,0000,0,98414090000000
2010762248,90012,30,98,1,19371301000,000000,0000,0,98119371301000
2010762248,90000,10,98,1,18011302000,000000,0000,0,98118011302000
2010762248,90000,10,97,2,15061300000,000000,0000,0,97215061300000
2010762248,90012,30,91,4,18130000000,000000,0000,0,91418130000000
2010762248,90012,30,92,9,11020500000,000000,0000,0,92911020500000
2010762248,90000,10,91,4,11130602000,000000,0000,0,91411130602000
2010762248,90000,10,98,4,14051100000,000000,0000,0,98414051100000
2010762248,90012,30,91,4,11130602000,000000,0000,0,91411130602000
2010762248,90000,10,91,4,11130200000,000000,0000,0,91411130200000
2010762248,90000,10,98,1,18011301000,000000,0000,0,98118011301000
2010762248,90000,10,91,4,18130000000,000000,0000,0,91418130000000
2010762248,90000,10,98,1,19371301000,000000,0000,0,98119371301000
2010762248,90000,10,92,9,11020100000,000000,0000,0,92911020100000
2010762248,90012,30,98,4,14100000000,000000,0000,0,98414100000000
2013084351,40000,10,91,4,21130400000,000000,0000,0,91421130400000
2013084351,40000,10,91,4,11130400000,000000,0000,0,91411130400000
2013084351,40000,10,98,1,18011302000,000000,0000,0,98118011302000
2013084351,40000,10,91,4,18130000000,000000,0000,0,91418130000000
2013084351,40000,10,98,4,14051100000,000000,0000,0,98414051100000
2013084351,40000,10,98,1,18011301000,000000,0000,0,98118011301000
2013084351,40000,10,91,4,11130609000,000000,0000,0,91411130609000
2010032464,40000,10,98,1,13020000000,032520,0000,0,98113020000000
2010032464,40048,60,98,1,13020000000,011360,0000,0,98113020000000
2011075935,50000,11,01,4,11020400000,000000,0000,0,01411020400000
2011075935,50000,11,01,4,19020100000,000000,0000,0,01419020100000
2013267433,70000,60,91,4,11130602000,000000,0000,0,91411130602000
2013267433,70000,40,88,1,18011201000,000000,0000,0,88118011201000
2013267433,70000,40,81,4,18120000000,000000,0000,0,81418120000000
2013267433,70000,60,98,1,18011302000,000000,0000,0,98118011302000
2013267433,70000,60,98,4,14100000000,000000,0000,0,98414100000000
2013267433,70000,60,98,1,18011301000,000000,0000,0,98118011301000
2013267433,70000,40,81,4,11120602000,000000,0000,0,81411120602000
2013267433,70000,60,98,4,14051100000,000000,0000,0,98414051100000
2013267433,70000,60,91,4,18130000000,000000,0000,0,91418130000000
2013267433,70000,40,88,4,24100000000,000000,0000,0,88424100000000
2013267433,70000,40,88,1,18011202000,000000,0000,0,88118011202000
2003421018,70000,60,88,4,24020102000,000000,0000,0,88424020102000
2003421018,70000,60,88,1,19371201000,000000,0000,0,88119371201000
2003421018,70000,60,87,2,15061200000,000000,0000,0,87215061200000
2003421018,70000,60,81,4,11121100000,000000,0000,0,81411121100000
2003421018,70000,60,88,4,14051100000,000000,0000,0,88414051100000
2003421018,70000,60,88,1,18011201000,000000,0000,0,88118011201000
2003421018,70000,60,81,4,21120200000,000000,0000,0,81421120200000
2003421018,70000,60,88,4,14100000000,000000,0000,0,88414100000000
2003421018,70000,60,88,1,18011202000,000000,0000,0,88118011202000
2003421018,70000,60,81,4,18120000000,000000,0000,0,81418120000000
2003421018,70000,60,81,4,11120602000,000000,0000,0,81411120602000
2003421018,70000,60,88,4,14020900000,000000,0000,0,88414020900000
2015338790,70000,60,87,2,15061200000,000000,0000,0,87215061200000
2015338790,70000,60,81,5,15090000000,000000,0000,0,81515090000000
2015338790,70000,60,81,4,11120602000,000000,0000,0,81411120602000
2015338790,70000,60,88,4,24020102000,000000,0000,0,88424020102000
2015338790,70000,60,88,4,14100000000,000000,0000,0,88414100000000
2015338790,70000,60,81,4,11120200000,000000,0000,0,81411120200000
2015338790,70000,60,81,4,18120000000,000000,0000,0,81418120000000
2012028603,00000,10,97,2,15061300000,000000,0000,0,97215061300000
2012028603,00000,60,91,4,18130000000,000000,0000,0,91418130000000
2012028603,00000,60,98,4,14051100000,000000,0000,0,98414051100000
2012028603,00000,60,98,1,18011302000,000000,0000,0,98118011302000
2012028603,00000,60,98,1,18011301000,000000,0000,0,98118011301000
2012028603,00000,60,98,4,14100000000,000000,0000,0,98414100000000
2012028603,00000,60,91,4,11130602000,000000,0000,0,91411130602000
2013084942,30000,10,81,4,18120000000,000000,0000,0,81418120000000
2013084942,30000,10,82,9,11020100000,000000,0000,0,82911020100000
2013084942,30000,60,88,1,18011201000,000000,0000,0,88118011201000
2013084942,30000,10,88,1,18011202000,000000,0000,0,88118011202000
2013084942,30000,10,88,4,24020102000,003130,0000,0,88424020102000
2013084942,30000,60,88,4,14051100000,000000,0000,0,88414051100000
2013084942,30000,10,88,1,18011201000,000000,0000,0,88118011201000
2013084942,30000,10,88,4,14051100000,000000,0000,0,88414051100000
2013084942,30000,60,88,1,18011202000,000000,0000,0,88118011202000
2013084942,30000,60,81,4,18120000000,000000,0000,0,81418120000000
2013084942,30000,10,87,2,15061200000,000000,0000,0,87215061200000
2013084942,30000,60,88,4,14100000000,000000,0000,0,88414100000000
2013084942,30000,10,81,4,11120602000,000000,0000,0,81411120602000
2013084942,30000,60,81,4,11120602000,000000,0000,0,81411120602000
2006664443,00012,69,98,4,24100000000,000000,0000,0,98424100000000
2006664443,00000,29,98,4,24020800000,000000,0000,0,98424020800000
2011603878,10000,20,81,4,19120100000,014320,0000,0,81419120100000
2011603878,10000,20,81,4,16120602000,014320,0000,0,81416120602000
2011603878,10000,20,82,9,11010600000,014320,0000,0,82911010600000
2011603878,10000,20,88,4,14100000000,000000,0000,0,88414100000000
2011603878,10000,10,88,1,13020000000,026130,0000,0,88113020000000
2011603878,10000,20,88,4,24020102000,024990,0000,0,88424020102000
2013271907,10000,40,91,4,19130100000,000000,0000,0,91419130100000
2013271907,10000,40,91,4,16130602000,019570,0000,0,91416130602000
2013271907,10039,60,91,4,16130602000,021020,0000,0,91416130602000
2013271907,10039,60,91,4,19130100000,021020,0000,0,91419130100000
2013601485,40000,11,01,4,19020100000,000000,0000,0,01419020100000
2013601485,40000,11,08,1,19370201000,000000,0000,0,08119370201000
2013601485,40000,11,01,4,11020201000,000240,0000,0,01411020201000
2013601485,40000,11,01,4,11020209000,000240,0000,0,01411020209000
2013601485,40000,11,01,4,18020000000,000240,0000,0,01418020000000
2013601485,40000,11,07,2,15060200000,000000,0000,0,07215060200000
2010329655,20000,10,98,1,13020000000,034570,0000,0,98113020000000
2010329655,20000,69,91,5,25090000000,000000,0000,0,91525090000000
2014481677,30000,10,98,1,13020000000,022280,0000,0,98113020000000
2013543407,80000,11,02,9,11020100000,000000,0000,0,02911020100000
2013543407,80010,31,08,4,14100000000,000000,0000,0,08414100000000
2013543407,80010,31,01,4,18020000000,000000,0000,0,01418020000000
2013543407,80000,11,01,4,11020602000,000000,0000,0,01411020602000
2013543407,80000,11,08,1,18010202000,000000,0000,0,08118010202000
2013543407,80010,39,98,4,14090000000,000000,0000,0,98414090000000
2013543407,80000,11,08,1,18010201000,000000,0000,0,08118010201000
2013543407,80010,31,08,1,19370201000,000000,0000,0,08119370201000
2013543407,80010,31,01,4,11020602000,000000,0000,0,01411020602000
2013543407,80000,11,08,4,14051100000,000000,0000,0,08414051100000
2012453571,90000,60,97,2,15061300000,000000,0000,0,97215061300000
2012453571,90000,60,98,1,19371301000,000000,0000,0,98119371301000
2012453571,90000,60,91,4,19130100000,000000,0000,0,91419130100000
2012453571,90000,60,98,1,19390502000,000000,0000,0,98119390502000
2012453571,90000,60,91,4,15130200000,000970,0000,0,91415130200000
2012453571,90000,60,98,1,19390501000,000000,0000,0,98119390501000
2012453571,90000,60,91,5,15090000000,000000,0000,0,91515090000000
2012453571,90000,60,98,4,14051200000,000000,0000,0,98414051200000
2009809679,50000,10,81,4,11120200000,000000,0000,0,81411120200000
2009809679,50000,10,88,1,18011201000,000000,0000,0,88118011201000
2009809679,50000,10,82,9,11020100000,000000,0000,0,82911020100000
2009809679,50000,10,81,4,18120000000,000000,0000,0,81418120000000
2009809679,50000,60,88,4,14100000000,000000,0000,0,88414100000000
2009809679,50000,10,88,1,18011202000,000000,0000,0,88118011202000
2009809679,50000,10,88,4,14051100000,000000,0000,0,88414051100000
2009809679,50000,60,81,4,18120000000,000000,0000,0,81418120000000
2009809679,50000,10,87,2,15061200000,000000,0000,0,87215061200000
2009809679,50000,10,88,1,19371201000,000000,0000,0,88119371201000
2009809679,50000,10,88,4,24020102000,000470,0000,0,88424020102000
2009809679,50000,10,88,4,24020102000,001950,0000,0,88424020102000
2009809679,50000,60,81,4,11120602000,000000,0000,0,81411120602000
2009809679,50000,60,88,4,24020102000,000000,0000,0,88424020102000
2009809679,50000,10,81,4,11120602000,000000,0000,0,81411120602000
2009404587,80000,60,98,1,18011301000,000000,0000,0,98118011301000
2009404587,80000,60,98,4,14051100000,000000,0000,0,98414051100000
2009404587,80000,60,91,4,18130000000,000000,0000,0,91418130000000
2009404587,80000,60,98,4,14100000000,000000,0000,0,98414100000000
2009404587,80000,60,98,1,18011302000,000000,0000,0,98118011302000
2009404587,80000,60,91,4,11130602000,000000,0000,0,91411130602000
2010471597,40000,10,98,1,13020000000,016030,0000,0,98113020000000
2010471597,40000,10,98,1,13020000000,007360,0000,0,98113020000000
2010266646,10000,10,98,4,24020102000,001950,0000,0,98424020102000
2010266646,10000,10,91,4,19130100000,000000,0000,0,91419130100000
2010266646,10000,10,91,4,16130602000,019190,0000,0,91416130602000
2010266646,10000,10,91,4,16130609000,019100,0000,0,91416130609000
2010078584,60000,10,98,1,13020000000,043670,0000,0,98113020000000
2011352571,10000,40,88,4,24100000000,000000,0000,0,88424100000000
2011352571,10000,40,88,1,18011201000,000000,0000,0,88118011201000
2011352571,10000,40,88,4,14051100000,000000,0000,0,88414051100000
2011352571,10000,10,88,4,14100000000,000000,0000,0,88414100000000
2011352571,10000,10,88,4,14020102000,001950,0000,0,88414020102000
2011352571,10000,40,88,1,18011202000,000000,0000,0,88118011202000
2011352571,10000,40,88,4,14020900000,000000,0000,0,88414020900000
2011352571,10000,10,81,4,11120602000,000000,0000,0,81411120602000
2011352571,10000,40,81,4,11121100000,000000,0000,0,81411121100000
2011352571,10000,10,88,1,18011201000,000000,0000,0,88118011201000
2011352571,10000,10,82,9,11020100000,000000,0000,0,82911020100000
2011352571,10000,10,88,4,14051100000,000000,0000,0,88414051100000
2011352571,10018,40,88,4,24020102000,000000,0000,0,88424020102000
2011352571,10000,10,88,4,24020102000,001950,0000,0,88424020102000
2011352571,10000,40,81,4,11120602000,000000,0000,0,81411120602000
2011352571,10000,40,81,4,18120000000,000000,0000,0,81418120000000
2011352571,10000,10,81,4,18120000000,000000,0000,0,81418120000000
2011352571,10000,10,88,1,18011202000,000000,0000,0,88118011202000
2012191816,10000,41,01,6,12030100000,000000,0000,0,01612030100000
2012191816,10000,41,01,6,12030200000,000000,0000,0,01612030200000
2012191816,10000,41,01,6,19020000000,000000,0000,0,01619020000000
2012191816,10000,41,08,1,13020000000,002100,0000,0,08113020000000
2010241136,60000,11,08,1,13020000000,032520,0000,0,08113020000000
2012759886,00000,11,07,2,15060200000,000000,0000,0,07215060200000
2013636113,90000,61,07,2,15060200000,000000,0000,0,07215060200000
2009677605,50000,10,81,4,18120000000,000000,0000,0,81418120000000
2009677605,50000,60,81,4,11120602000,000000,0000,0,81411120602000
2009677605,50000,10,88,1,19371201000,000000,0000,0,88119371201000
2009677605,50000,60,88,4,14051100000,000000,0000,0,88414051100000
2009677605,50000,10,88,4,14051100000,000000,0000,0,88414051100000
2009677605,50000,10,88,1,18011201000,000000,0000,0,88118011201000
2009677605,50000,10,88,4,24020102000,004480,0000,0,88424020102000
2009677605,50000,10,81,4,11120602000,000000,0000,0,81411120602000
2009677605,50000,10,88,1,18011202000,000000,0000,0,88118011202000
2009677605,50000,60,81,4,18120000000,000000,0000,0,81418120000000
2009677605,50000,10,82,9,11020100000,000000,0000,0,82911020100000
2009677605,50000,60,88,4,14100000000,000000,0000,0,88414100000000
2009677605,50000,60,88,1,18011201000,000000,0000,0,88118011201000
2009677605,50000,60,88,1,18011202000,000000,0000,0,88118011202000
2009677605,50000,10,88,4,14100000000,000000,0000,0,88414100000000
2016346072,60000,11,07,2,15060200000,000000,0000,0,07215060200000
2014540128,30000,11,08,1,18010202000,000000,0000,0,08118010202000
2014540128,30000,11,01,4,11020602000,000000,0000,0,01411020602000
2014540128,30000,11,08,4,14051100000,000000,0000,0,08414051100000
2014540128,30000,11,01,4,18020000000,000000,0000,0,01418020000000
2014540128,30000,11,08,1,18010201000,000000,0000,0,08118010201000
2014540128,30000,11,07,2,15060200000,000000,0000,0,07215060200000
2014540128,30000,11,08,4,24090000000,000000,0000,0,08424090000000
2011255071,20000,10,98,1,13020000000,036270,0000,0,98113020000000
2012355670,40000,11,01,4,11020400000,000000,0000,0,01411020400000
2010770306,30000,10,81,4,18120000000,000000,0000,0,81418120000000
2010770306,30008,20,81,4,11120602000,000000,0000,0,81411120602000
2010770306,30008,20,88,4,14020800000,009430,0000,0,88414020800000
2010770306,30018,50,81,4,21120602000,000000,0000,0,81421120602000
2010770306,30018,50,88,4,24100000000,000000,0000,0,88424100000000
2010770306,30008,20,82,9,11020100000,000000,0000,0,82911020100000
2010770306,30005,50,88,4,24100000000,000000,0000,0,88424100000000
2010770306,30008,20,81,4,18120000000,000000,0000,0,81418120000000
2010770306,30018,50,81,4,28120000000,000000,0000,0,81428120000000
2010770306,30018,50,88,4,24020900000,000000,0000,0,88424020900000
2010770306,30008,20,88,4,24100000000,000000,0000,0,88424100000000
2010770306,30000,10,81,4,11120200000,000000,0000,0,81411120200000
2010770306,30008,20,88,1,19371201000,000000,0000,0,88119371201000
2010770306,30000,60,87,2,15061200000,000000,0000,0,87215061200000
2010770306,30018,50,88,1,29371201000,000000,0000,0,88129371201000
2010770306,30008,20,88,4,14020800000,000000,0000,0,88414020800000
2010770306,30018,40,88,4,24020900000,000000,0000,0,88424020900000
2010770306,30018,40,88,4,24020800000,000000,0000,0,88424020800000
2010770306,30008,20,88,4,24020102000,006870,0000,0,88424020102000
2010770306,30018,50,81,4,29120500000,000000,0000,0,81429120500000
2010770306,30008,20,88,1,18011201000,000000,0000,0,88118011201000
2010770306,30008,20,88,4,14051100000,000000,0000,0,88414051100000
2010770306,30008,20,81,4,11121100000,000000,0000,0,81411121100000
2010770306,30018,50,88,4,24090000000,000000,0000,0,88424090000000
2010770306,30000,10,87,2,15061200000,000000,0000,0,87215061200000
2010770306,30000,10,88,1,19371201000,000000,0000,0,88119371201000
2013262435,60012,30,98,4,14100000000,000000,0000,0,98414100000000
2013262435,60000,60,98,1,18011302000,000000,0000,0,98118011302000
2013262435,60000,60,91,4,11130602000,000000,0000,0,91411130602000
2013262435,60000,60,98,1,18011301000,000000,0000,0,98118011301000
2013262435,60012,30,98,4,14090000000,000000,0000,0,98414090000000
2013262435,60000,60,98,4,14100000000,000000,0000,0,98414100000000
2013262435,60000,60,91,4,18130000000,000000,0000,0,91418130000000
2013262435,60012,30,91,4,11130602000,000000,0000,0,91411130602000
2013262435,60012,30,91,4,18130000000,000000,0000,0,91418130000000
2013262435,60000,60,98,4,14051100000,000000,0000,0,98414051100000
2010235838,40000,10,98,1,18011301000,000000,0000,0,98118011301000
2010235838,40000,10,97,2,15061300000,000000,0000,0,97215061300000
2010235838,40000,10,91,4,11130200000,000000,0000,0,91411130200000
2010235838,40000,10,91,4,18130000000,000000,0000,0,91418130000000
2010235838,40000,10,92,9,11020100000,000000,0000,0,92911020100000
2010235838,40000,10,98,1,19371301000,000000,0000,0,98119371301000
2010235838,40000,10,98,1,18011302000,000000,0000,0,98118011302000
2010235838,40000,10,98,4,14051100000,000000,0000,0,98414051100000
2010235838,40000,10,91,4,11130602000,000000,0000,0,91411130602000
2013566751,00000,40,91,4,18130000000,000000,0000,0,91418130000000
2013566751,00000,40,91,4,11130602000,000000,0000,0,91411130602000
2013566751,00000,40,97,2,15031300000,000000,0000,0,97215031300000
2013566751,00000,40,98,1,19371301000,000000,0000,0,98119371301000
2009517267,90000,11,08,1,13020000000,036170,0000,0,08113020000000
2012522837,20000,60,91,4,11130602000,000000,0000,0,91411130602000
2012522837,20010,60,91,4,18130000000,000000,0000,0,91418130000000
2012522837,20000,60,91,4,18130000000,000000,0000,0,91418130000000
2012522837,20010,60,98,1,18011302000,000000,0000,0,98118011302000
2012522837,20000,60,98,4,14100000000,000000,0000,0,98414100000000
2012522837,20000,60,98,1,18011302000,000000,0000,0,98118011302000
2012522837,20000,60,98,1,18011301000,000000,0000,0,98118011301000
2012522837,20010,60,98,4,14051100000,000000,0000,0,98414051100000
2012522837,20010,60,91,4,11130602000,000000,0000,0,91411130602000
2012522837,20000,60,98,4,14051100000,000000,0000,0,98414051100000
2012522837,20000,10,97,2,15061300000,000000,0000,0,97215061300000
2012522837,20010,60,98,4,14100000000,000000,0000,0,98414100000000
2012522837,20010,60,98,1,18011301000,000000,0000,0,98118011301000
2016290178,80000,40,88,1,19371201000,000000,0000,0,88119371201000
2016290178,80000,40,88,1,18011202000,000000,0000,0,88118011202000
2016290178,80000,40,81,4,11120602000,000000,0000,0,81411120602000
2016290178,80000,40,87,2,15031200000,000000,0000,0,87215031200000
2016290178,80000,40,88,1,18011201000,000000,0000,0,88118011201000
2016290178,80000,40,88,4,14090000000,003360,0000,0,88414090000000
2016290178,80000,40,81,4,18120000000,000000,0000,0,81418120000000
2016290178,80000,40,88,4,14090000000,003430,0000,0,88414090000000
2016290178,80000,40,81,5,25090000000,000000,0000,0,81525090000000
2016709777,40000,20,98,4,14100000000,000000,0000,0,98414100000000
2016709777,40000,20,98,1,19371301000,000000,0000,0,98119371301000
2016709777,40000,10,98,4,14051100000,000000,0000,0,98414051100000
2016709777,40000,60,97,2,15061300000,000000,0000,0,97215061300000
2016709777,40000,60,98,1,19371301000,000000,0000,0,98119371301000
2016709777,40000,10,98,1,18011301000,000000,0000,0,98118011301000
2016709777,40000,10,92,9,11020100000,000000,0000,0,92911020100000
2016709777,40000,60,98,1,19390201000,000000,0000,0,98119390201000
2016709777,40000,10,98,1,18011302000,000000,0000,0,98118011302000
2016709777,40000,10,91,4,11130602000,000000,0000,0,91411130602000
2016709777,40000,60,98,4,14051200000,000000,0000,0,98414051200000
2016709777,40000,60,98,1,19390202000,000000,0000,0,98119390202000
2016709777,40000,10,98,1,19371301000,000000,0000,0,98119371301000
2016709777,40000,60,91,5,15090000000,000000,0000,0,91515090000000
2016709777,40000,20,91,4,11130602000,000000,0000,0,91411130602000
2016709777,40000,20,91,4,18130000000,000000,0000,0,91418130000000
2016709777,40000,60,91,4,18130000000,000000,0000,0,91418130000000
2016709777,40000,60,91,4,11130200000,000000,0000,0,91411130200000
2016709777,40000,60,91,4,11130400000,000000,0000,0,91411130400000
2011362758,10000,40,98,4,14020102000,005460,0000,0,98414020102000
2011362758,10000,40,91,4,16131906000,001670,0000,0,91416131906000
2011362758,10000,40,91,4,19130100000,000000,0000,0,91419130100000
2008818963,90000,10,71,4,21110609000,000000,0000,0,71421110609000
2008818963,90000,10,71,4,18110000000,000000,0000,0,71418110000000
2008818963,90000,10,71,4,21111100000,000000,0000,0,71421111100000
2008818963,90000,60,81,4,21121100000,000000,0000,0,81421121100000
2008818963,90000,10,78,4,24090000000,000000,0000,0,78424090000000
2008818963,90000,60,81,4,28120000000,000000,0000,0,81428120000000
2008818963,90000,20,78,4,14100000000,000000,0000,0,78414100000000
2008818963,90000,10,72,9,21020100000,000000,0000,0,72921020100000
2008818963,90000,20,71,4,21110609000,000000,0000,0,71421110609000
2008818963,90000,10,78,1,18011102000,000000,0000,0,78118011102000
2008818963,90000,20,78,4,24100000000,000000,0000,0,78424100000000
2008818963,90000,20,78,4,24020102000,007410,0000,0,78424020102000
2008818963,90000,20,71,4,21110601000,000000,0000,0,71421110601000
2008818963,90000,10,78,4,14051100000,000000,0000,0,78414051100000
2008818963,90000,60,88,4,24090000000,000000,0000,0,88424090000000
2008818963,90000,20,71,4,28110000000,000000,0000,0,71428110000000
2008818963,90000,10,78,1,18011101000,000000,0000,0,78118011101000
2008818963,90000,10,71,4,28110000000,000000,0000,0,71428110000000
2008818963,90000,10,71,4,11110609000,000000,0000,0,71411110609000
2015147610,40000,10,91,4,18130000000,000000,0000,0,91418130000000
2015147610,40000,10,97,2,15061300000,000000,0000,0,97215061300000
2015147610,40000,10,98,1,18011301000,000000,0000,0,98118011301000
2015147610,40000,10,98,4,14100000000,000000,0000,0,98414100000000
2015147610,40000,10,98,4,24020102000,008740,0000,0,98424020102000
2015147610,40000,10,91,4,11130602000,000000,0000,0,91411130602000
2015147610,40000,10,91,4,11130609000,000000,0000,0,91411130609000
2015147610,40000,10,98,4,14051100000,000000,0000,0,98414051100000
2015147610,40000,10,98,1,18011302000,000000,0000,0,98118011302000
2012232908,90000,40,91,4,18130000000,000000,0000,0,91418130000000
2012232908,90010,30,91,4,18130000000,000000,0000,0,91418130000000
2012232908,90000,60,91,4,18130000000,000000,0000,0,91418130000000
2012232908,90000,40,91,4,11130602000,000220,0000,0,91411130602000
2012232908,90010,39,98,4,24090000000,000000,0000,0,98424090000000
2012232908,90010,30,98,4,14100000000,000000,0000,0,98414100000000
2012232908,90000,60,91,4,11130602000,000000,0000,0,91411130602000
2012232908,90000,60,98,1,18011302000,000000,0000,0,98118011302000
2012232908,90000,60,98,4,14100000000,000000,0000,0,98414100000000
2012232908,90000,40,91,4,19130100000,000000,0000,0,91419130100000
2012232908,90000,60,98,1,18011301000,000000,0000,0,98118011301000
2012232908,90000,60,98,4,14051100000,000000,0000,0,98414051100000
2012232908,90000,40,91,5,15010200000,000000,0000,0,91515010200000
2012232908,90010,30,91,4,11130609000,000000,0000,0,91411130609000
2011745488,60000,10,97,2,15061300000,000000,0000,0,97215061300000
2011745488,60000,60,97,2,15031300000,000000,0000,0,97215031300000
2016200456,50048,70,91,4,16130602000,007510,0000,0,91416130602000
2016200456,50048,70,91,4,16130602000,007670,0000,0,91416130602000
2016200456,50034,20,91,4,16130200000,000000,0000,0,91416130200000
2016857193,30000,10,98,4,14051100000,000000,0000,0,98414051100000
2016857193,30000,10,98,1,18011302000,000000,0000,0,98118011302000
2016857193,30000,10,91,4,18130000000,000000,0000,0,91418130000000
2016857193,30000,10,98,1,18011301000,000000,0000,0,98118011301000
2016857193,30000,10,92,9,11020100000,000000,0000,0,92911020100000
2016857193,30000,10,91,4,11130602000,000000,0000,0,91411130602000
2016857193,30000,10,98,1,19371301000,000000,0000,0,98119371301000
2016857193,30000,10,97,1,12000000000,000000,0000,0,97112000000000
2010228193,40010,70,91,4,11130602000,000000,0000,0,91411130602000
2010228193,40010,70,98,4,14100000000,000000,0000,0,98414100000000
2010228193,40010,70,98,1,19371301000,000000,0000,0,98119371301000
2010228193,40010,70,92,9,11010100000,000000,0000,0,92911010100000
2010228193,40010,70,98,4,14090000000,000000,0000,0,98414090000000
2010228193,40010,70,91,4,18130000000,000000,0000,0,91418130000000
2016865179,10000,10,88,4,14051100000,000000,0000,0,88414051100000
2016865179,10000,10,81,4,11120602000,000000,0000,0,81411120602000
2016865179,10000,10,87,2,15061200000,000000,0000,0,87215061200000
2016865179,10000,10,88,1,18011201000,000000,0000,0,88118011201000
2016865179,10010,30,81,4,11120609000,000000,0000,0,81411120609000
2016865179,10010,30,88,4,14100000000,000000,0000,0,88414100000000
2016865179,10000,10,88,1,19371201000,000000,0000,0,88119371201000
2016865179,10000,10,82,9,11020100000,000000,0000,0,82911020100000
2016865179,10000,10,81,4,11120200000,000000,0000,0,81411120200000
2016865179,10010,30,88,1,19371201000,000000,0000,0,88119371201000
2016865179,10000,10,81,4,18120000000,000000,0000,0,81418120000000
2016865179,10000,10,88,1,18011202000,000000,0000,0,88118011202000
2016865179,10010,30,81,4,18120000000,000000,0000,0,81418120000000
2016865179,10010,30,81,4,11120602000,000000,0000,0,81411120602000
2016589123,60000,40,91,4,18130000000,000000,0000,0,91418130000000
2016589123,60000,40,98,1,19371301000,000000,0000,0,98119371301000
2016589123,60000,40,91,4,11130602000,000000,0000,0,91411130602000
2015261672,40010,30,88,1,18011202000,000000,0000,0,88118011202000
2015261672,40000,60,87,2,15061200000,000000,0000,0,87215061200000
2015261672,40010,30,88,1,19371201000,000000,0000,0,88119371201000
2015261672,40010,30,88,1,18011201000,000000,0000,0,88118011201000
2015261672,40010,30,81,4,18120000000,000000,0000,0,81418120000000
2015261672,40010,30,88,4,14100000000,000000,0000,0,88414100000000
2015261672,40000,10,87,2,15061200000,000000,0000,0,87215061200000
2015261672,40010,30,81,4,11120602000,000000,0000,0,81411120602000
2015261672,40010,39,98,4,14051100000,000000,0000,0,98414051100000
2015261672,40010,39,98,4,14090000000,000000,0000,0,98414090000000
2015354737,80000,11,07,2,15060200000,000000,0000,0,07215060200000
2010330164,50000,10,98,1,18011301000,000000,0000,0,98118011301000
2010330164,50000,10,98,4,24090000000,000000,0000,0,98424090000000
2010330164,50000,10,92,9,11020100000,000000,0000,0,92911020100000
2010330164,50000,60,98,1,18011301000,000000,0000,0,98118011301000
2010330164,50000,60,91,4,11130602000,000000,0000,0,91411130602000
2010330164,50000,60,98,4,14051100000,000000,0000,0,98414051100000
2010330164,50000,10,98,1,18011302000,000000,0000,0,98118011302000
2010330164,50000,60,98,4,14100000000,000000,0000,0,98414100000000
2010330164,50000,60,98,1,18011302000,000000,0000,0,98118011302000
2010330164,50000,60,91,4,18130000000,000000,0000,0,91418130000000
2010330164,50000,10,98,4,14051100000,000000,0000,0,98414051100000
2010330164,50000,10,91,4,11130602000,000000,0000,0,91411130602000
2010330164,50000,10,97,2,15061300000,000000,0000,0,97215061300000
2011937986,50012,30,98,4,14100000000,000000,0000,0,98414100000000
2011937986,50000,10,91,4,11130200000,000000,0000,0,91411130200000
2011937986,50000,10,91,4,15130602000,000890,0000,0,91415130602000
2011937986,50000,10,91,4,18130000000,000000,0000,0,91418130000000
2011937986,50012,30,92,9,11020100000,000000,0000,0,92911020100000
2011937986,50000,10,98,1,19371301000,000000,0000,0,98119371301000
2011937986,50012,30,98,1,19371301000,000000,0000,0,98119371301000
2011937986,50012,30,98,4,14090000000,000000,0000,0,98414090000000
2011937986,50000,10,91,4,25130400000,014300,0000,0,91425130400000
2011937986,50012,30,91,4,11130602000,000000,0000,0,91411130602000
2011937986,50000,10,91,4,29130100000,000000,0000,0,91429130100000
2011937986,50000,10,91,4,19130100000,000000,0000,0,91419130100000
2014402960,70000,40,91,4,19130100000,000000,0000,0,91419130100000
2014402960,70000,40,92,9,11010400000,000000,0000,0,92911010400000
2014402960,70000,40,98,4,14100000000,000000,0000,0,98414100000000
2014402960,70000,40,91,4,15131906000,000830,0000,0,91415131906000
2011077139,80027,81,08,1,19250000000,006650,0000,0,08119250000000
2011077139,80039,61,01,4,19020100000,019810,0000,0,01419020100000
2011077139,80039,61,01,4,16020609000,019810,0000,0,01416020609000
2014945097,10012,31,01,4,11020602000,000000,0000,0,01411020602000
2014945097,10012,31,08,1,18010202000,000000,0000,0,08118010202000
2014945097,10012,31,08,4,14100000000,000000,0000,0,08414100000000
2014945097,10012,31,08,1,18010201000,000000,0000,0,08118010201000
2014945097,10012,31,08,4,14051100000,000000,0000,0,08414051100000
2014945097,10012,31,08,4,14090000000,000000,0000,0,08414090000000
2014945097,10012,31,01,4,18020000000,000000,0000,0,01418020000000
2012711453,60000,10,88,1,18011201000,000000,0000,0,88118011201000
2012711453,60000,20,88,1,19371201000,000000,0000,0,88119371201000
2012711453,60000,60,88,1,18011202000,000000,0000,0,88118011202000
2012711453,60000,60,88,1,19371201000,000000,0000,0,88119371201000
2012711453,60000,20,81,4,18120000000,000000,0000,0,81418120000000
2012711453,60000,20,81,4,11120602000,000000,0000,0,81411120602000
2012711453,60000,60,81,4,18120000000,000000,0000,0,81418120000000
2012711453,60000,60,88,4,14051100000,000000,0000,0,88414051100000
2012711453,60000,60,88,4,14100000000,000000,0000,0,88414100000000
2012711453,60000,10,88,1,18011202000,000000,0000,0,88118011202000
2012711453,60000,20,81,4,19120100000,000000,0000,0,81419120100000
2012711453,60000,10,82,9,11020100000,000000,0000,0,82911020100000
2012711453,60000,10,81,4,11120602000,000000,0000,0,81411120602000
2012711453,60000,10,88,4,14051100000,000000,0000,0,88414051100000
2012711453,60000,10,88,4,14100000000,000000,0000,0,88414100000000
2012711453,60000,10,88,4,24020102000,001940,0000,0,88424020102000
2012711453,60000,60,87,2,15061200000,000000,0000,0,87215061200000
2012711453,60000,60,81,4,11120602000,000000,0000,0,81411120602000
2012711453,60000,20,81,4,15120601000,000570,0000,0,81415120601000
2012711453,60000,10,88,1,19371201000,000000,0000,0,88119371201000
2012711453,60000,20,88,4,14100000000,000000,0000,0,88414100000000
2012711453,60000,60,81,4,11120200000,000000,0000,0,81411120200000
2012711453,60000,10,81,4,18120000000,000000,0000,0,81418120000000
2012711453,60000,20,81,4,19120100000,000570,0000,0,81419120100000
2012711453,60000,60,88,1,18011201000,000000,0000,0,88118011201000
2020030339,30000,10,91,4,11130602000,000000,0000,0,91411130602000
2020030339,30000,10,92,9,11020100000,000000,0000,0,92911020100000
2020030339,30000,10,98,4,14051100000,000000,0000,0,98414051100000
2020030339,30000,10,98,1,18011301000,000000,0000,0,98118011301000
2020030339,30000,10,98,1,18011302000,000000,0000,0,98118011302000
2010379958,90027,81,08,1,13020000000,024040,0000,0,08113020000000
2015435404,20000,40,81,4,18120000000,000000,0000,0,81418120000000
2015435404,20000,40,87,1,12000000000,000000,0000,0,87112000000000
2015435404,20000,40,88,4,14051100000,000000,0000,0,88414051100000
2015435404,20000,40,81,4,11121100000,000000,0000,0,81411121100000
2015435404,20000,40,88,1,18011202000,000000,0000,0,88118011202000
2015435404,20000,40,81,4,11120602000,000000,0000,0,81411120602000
2015435404,20000,40,88,4,24100000000,000000,0000,0,88424100000000
2015435404,20000,40,88,1,18011201000,000000,0000,0,88118011201000
2015435404,20000,40,88,4,14020900000,000000,0000,0,88414020900000
2015435404,20000,40,88,4,14020800000,000000,0000,0,88414020800000
2014318811,60000,11,07,2,15060200000,000000,0000,0,07215060200000
2013909774,20027,81,08,1,13020000000,020390,0000,0,08113020000000
2016710387,10000,20,81,4,11120602000,000000,0000,0,81411120602000
2016710387,10000,60,81,4,18120000000,000000,0000,0,81418120000000
2016710387,10000,10,87,2,15061200000,000000,0000,0,87215061200000
2016710387,10000,10,81,4,11120200000,000000,0000,0,81411120200000
2016710387,10000,10,81,4,18120000000,000000,0000,0,81418120000000
2016710387,10000,60,88,4,24020102000,000000,0000,0,88424020102000
2016710387,10000,20,88,4,14100000000,000000,0000,0,88414100000000
2016710387,10000,20,88,4,14051100000,000000,0000,0,88414051100000
2016710387,10000,20,88,1,19371201000,000000,0000,0,88119371201000
2016710387,10000,60,88,4,14100000000,000000,0000,0,88414100000000
2016710387,10000,60,88,1,19371201000,000000,0000,0,88119371201000
2016710387,10000,60,81,4,11120602000,000000,0000,0,81411120602000
2016710387,10000,20,81,4,18120000000,000000,0000,0,81418120000000
2016710387,10000,20,88,1,18011201000,000000,0000,0,88118011201000
2010474139,80000,10,98,1,13020000000,007970,0000,0,98113020000000
2014237360,20010,61,08,4,14051100000,000000,0000,0,08414051100000
2014237360,20010,61,08,1,18010202000,000000,0000,0,08118010202000
2014237360,20010,61,08,4,14100000000,000000,0000,0,08414100000000
2014237360,20010,61,01,4,11020602000,000000,0000,0,01411020602000
2014237360,20010,61,08,1,18010201000,000000,0000,0,08118010201000
2014237360,20010,61,01,4,18020000000,000000,0000,0,01418020000000
2011442577,00000,60,91,4,18130000000,000000,0000,0,91418130000000
2011442577,00000,60,98,1,19371301000,000000,0000,0,98119371301000
2011442577,00000,60,91,4,11130200000,000000,0000,0,91411130200000
2011442577,00000,60,98,1,18011302000,000000,0000,0,98118011302000
2011442577,00000,60,98,1,18011301000,000000,0000,0,98118011301000
2011442577,00000,60,97,2,15061300000,000000,0000,0,97215061300000
2011442577,00000,60,98,4,14100000000,000000,0000,0,98414100000000
2011442577,00000,60,98,4,14051100000,000000,0000,0,98414051100000
2011442577,00000,60,91,4,11130602000,000000,0000,0,91411130602000
2015495929,70000,60,91,4,16131906000,005770,0000,0,91416131906000
2015495929,70000,60,91,4,19130100000,000000,0000,0,91419130100000
2015495929,70000,60,98,4,14100000000,000000,0000,0,98414100000000
2010074871,10000,10,91,4,15130400000,000440,0000,0,91415130400000
2010074871,10000,10,91,4,19130100000,000000,0000,0,91419130100000
2010469924,30000,60,98,4,14100000000,000000,0000,0,98414100000000
2010469924,30000,10,98,1,18011301000,000000,0000,0,98118011301000
2010469924,30000,40,97,2,15031300000,000000,0000,0,97215031300000
2010469924,30000,10,92,9,11020100000,000000,0000,0,92911020100000
2010469924,30000,60,91,4,18130000000,000000,0000,0,91418130000000
2010469924,30000,10,98,1,18011302000,000000,0000,0,98118011302000
2010469924,30000,10,98,4,14051100000,000000,0000,0,98414051100000
2010469924,30000,60,98,1,18011302000,000000,0000,0,98118011302000
2010469924,30000,60,98,1,19371301000,000000,0000,0,98119371301000
2010469924,30000,60,98,4,14051100000,000000,0000,0,98414051100000
2010469924,30000,60,91,4,11130602000,000000,0000,0,91411130602000
2010469924,30000,60,98,1,18011301000,000000,0000,0,98118011301000
2010469924,30000,10,91,4,11130602000,000000,0000,0,91411130602000
2015503592,70000,20,98,1,18011301000,000000,0000,0,98118011301000
2015503592,70000,20,98,4,14051100000,000000,0000,0,98414051100000
2015503592,70000,20,91,4,11130602000,000000,0000,0,91411130602000
2015503592,70000,20,91,4,18130000000,000000,0000,0,91418130000000
2014175585,40010,10,91,4,18130000000,000000,0000,0,91418130000000
2014175585,40010,10,98,1,19371301000,000000,0000,0,98119371301000
2014175585,40011,20,91,4,11130602000,000000,0000,0,91411130602000
2014175585,40010,10,92,9,11010100000,000000,0000,0,92911010100000
2014175585,40011,20,91,4,18130000000,000000,0000,0,91418130000000
2014175585,40010,10,91,4,11130602000,000000,0000,0,91411130602000
2010467698,70000,10,91,4,11130400000,000000,0000,0,91411130400000
2000909247,10036,80,98,1,23020000000,065160,0000,0,98123020000000
2011323448,20011,00,98,4,14090000000,000000,0000,0,98414090000000
2011323448,20011,00,91,4,16130602000,023990,0000,0,91416130602000
2011323448,20011,00,91,4,19130100000,023990,0000,0,91419130100000
2011323448,20011,00,98,4,14100000000,000000,0000,0,98414100000000
2011323448,20039,60,91,4,19130100000,026780,0000,0,91419130100000
2011323448,20000,10,98,1,13020000000,033460,0000,0,98113020000000
2011323448,20039,60,91,4,16130609000,026780,0000,0,91416130609000
2011081285,00000,10,88,1,18011202000,000000,0000,0,88118011202000
2011081285,00000,10,81,4,11120609000,000000,0000,0,81411120609000
2011081285,00000,10,87,2,25041200000,000000,0000,0,87225041200000
2011081285,00000,10,88,4,14051100000,000000,0000,0,88414051100000
2011081285,00000,10,87,1,22000000000,000000,0000,0,87122000000000
2011081285,00000,10,88,1,18011201000,000000,0000,0,88118011201000
2011081285,00000,10,81,4,18120000000,000000,0000,0,81418120000000
2011784803,50000,60,97,2,15061300000,000000,0000,0,97215061300000
2017507574,70000,60,81,4,18120000000,000000,0000,0,81418120000000
2017507574,70000,60,88,4,14051100000,000000,0000,0,88414051100000
2017507574,70000,40,81,4,18120000000,000000,0000,0,81418120000000
2017507574,70000,10,81,4,11120200000,000000,0000,0,81411120200000
2017507574,70000,60,88,1,18011201000,000000,0000,0,88118011201000
2017507574,70000,60,88,1,18011202000,000000,0000,0,88118011202000
2017507574,70000,40,88,4,24100000000,000000,0000,0,88424100000000
2017507574,70000,40,81,4,11120602000,000000,0000,0,81411120602000
2017507574,70000,10,88,4,24020102000,007140,0000,0,88424020102000
2017507574,70000,40,88,4,24020102000,002970,0000,0,88424020102000
2017507574,70000,60,87,1,12000000000,000000,0000,0,87112000000000
2017507574,70000,10,88,1,19371201000,000000,0000,0,88119371201000
2017507574,70000,10,81,4,18120000000,000000,0000,0,81418120000000
2017507574,70000,60,88,4,24020102000,000000,0000,0,88424020102000
2017507574,70000,60,88,4,14100000000,000000,0000,0,88414100000000
2017507574,70000,60,81,4,11120602000,000000,0000,0,81411120602000
2000845726,30048,01,08,1,23020000000,084050,0000,0,08123020000000
2000845726,30048,01,08,1,23020000000,074840,0000,0,08123020000000
2017659023,80000,11,01,4,15020400000,000910,0000,0,01415020400000
2017659023,80000,11,01,4,19020100000,000000,0000,0,01419020100000
2011224561,80030,11,01,4,25020501000,033300,0000,0,01425020501000
2010961806,30005,50,98,4,24090000000,016880,0000,0,98424090000000
2010961806,30000,10,91,4,14130602000,000000,0000,0,91414130602000
2010961806,30005,50,98,4,24100000000,000000,0000,0,98424100000000
2010961806,30000,10,98,4,24020102000,009720,0000,0,98424020102000
2010961806,30000,10,98,1,19371301000,000000,0000,0,98119371301000
2010961806,30000,10,98,4,24020102000,001950,0000,0,98424020102000
2015353872,70000,11,08,1,13020000000,022670,0000,0,08113020000000
2015353872,70000,11,01,4,19020100000,000000,0000,0,01419020100000
2015353872,70000,11,01,4,15020400000,015240,0000,0,01415020400000
2014871898,90000,40,91,4,19130100000,000000,0000,0,91419130100000
2014871898,90000,40,98,4,14020900000,000000,0000,0,98414020900000
2014871898,90000,40,91,4,15131100000,002500,0000,0,91415131100000
2014871898,90000,40,98,4,14020800000,000000,0000,0,98414020800000
2010861944,90038,20,91,4,15131906000,014360,0000,0,91415131906000
2010861944,90000,10,98,1,13020000000,004680,0000,0,98113020000000
2010861944,90000,40,98,1,13020000000,008230,0000,0,98113020000000
2010339921,10000,10,98,1,13020000000,011360,0000,0,98113020000000
2016431362,00012,30,98,4,14100000000,000000,0000,0,98414100000000
2016431362,00000,40,98,1,13020000000,003990,0000,0,98113020000000
2016431362,00012,30,98,4,14090000000,000000,0000,0,98414090000000
2016431362,00000,40,97,2,15031300000,000000,0000,0,97215031300000
2016431362,00012,30,98,1,13020000000,007280,0000,0,98113020000000
2009831689,20000,11,08,4,24090000000,000000,0000,0,08424090000000
2012673871,40000,10,97,2,15061300000,000000,0000,0,97215061300000
2012673871,40010,30,98,1,19371301000,000000,0000,0,98119371301000
2012673871,40000,10,98,1,18011301000,000000,0000,0,98118011301000
2012673871,40000,10,91,4,11130200000,000000,0000,0,91411130200000
2012673871,40000,10,98,1,19371301000,000000,0000,0,98119371301000
2012673871,40010,30,98,4,14100000000,000000,0000,0,98414100000000
2012673871,40000,10,91,4,11130602000,000000,0000,0,91411130602000
2012673871,40000,10,92,9,11020100000,000000,0000,0,92911020100000
2012673871,40000,10,91,4,18130000000,000000,0000,0,91418130000000
2012673871,40010,30,91,4,11130602000,000000,0000,0,91411130602000
2012673871,40000,10,98,4,14051100000,000000,0000,0,98414051100000
2012673871,40000,60,91,4,11130602000,000000,0000,0,91411130602000
2012673871,40000,60,98,1,19371301000,000000,0000,0,98119371301000
2012673871,40010,30,91,4,18130000000,000000,0000,0,91418130000000
2012673871,40000,60,91,4,18130000000,000000,0000,0,91418130000000
2012673871,40000,10,98,1,18011302000,000000,0000,0,98118011302000
2013956354,90000,10,98,1,18011301000,000000,0000,0,98118011301000
2013956354,90000,10,92,9,11020100000,000000,0000,0,92911020100000
2013956354,90000,10,97,2,15061300000,000000,0000,0,97215061300000
2013956354,90012,30,98,4,14090000000,000000,0000,0,98414090000000
2013956354,90012,30,98,1,19371301000,000000,0000,0,98119371301000
2013956354,90012,30,91,4,11130602000,000000,0000,0,91411130602000
2013956354,90000,10,98,1,19371301000,000000,0000,0,98119371301000
2013956354,90012,30,98,4,14100000000,000000,0000,0,98414100000000
2013956354,90000,10,98,1,18011302000,000000,0000,0,98118011302000
2013956354,90000,10,91,4,11130602000,000000,0000,0,91411130602000
2013956354,90000,10,91,4,11130200000,000000,0000,0,91411130200000
2013956354,90000,10,91,4,18130000000,000000,0000,0,91418130000000
2013956354,90000,10,98,4,14051100000,000000,0000,0,98414051100000
2013956354,90012,30,92,9,11020100000,000000,0000,0,92911020100000
2015616602,20000,10,91,4,11130200000,000050,0000,0,91411130200000
2015616602,20010,60,98,1,18011302000,000000,0000,0,98118011302000
2015616602,20000,10,91,4,18130000000,000000,0000,0,91418130000000
2015616602,20000,10,98,1,19371301000,000000,0000,0,98119371301000
2015616602,20010,60,91,4,18130000000,000000,0000,0,91418130000000
2015616602,20010,60,98,4,14100000000,000000,0000,0,98414100000000
2015616602,20000,10,91,4,18130000000,000050,0000,0,91418130000000
2015616602,20010,60,91,4,11130602000,000000,0000,0,91411130602000
2015616602,20010,60,98,4,14051100000,000000,0000,0,98414051100000
2015616602,20000,10,91,4,11130602000,000000,0000,0,91411130602000
2015616602,20000,10,91,4,11130400000,000000,0000,0,91411130400000
2015616602,20010,60,98,1,18011301000,000000,0000,0,98118011301000
2015616602,20000,10,98,4,14100000000,000000,0000,0,98414100000000
2009578677,40000,60,87,1,12000000000,000000,0000,0,87112000000000
2009578677,40000,60,81,4,11120602000,000000,0000,0,81411120602000
2009578677,40000,60,88,1,18011201000,000000,0000,0,88118011201000
2009578677,40000,60,88,4,14051100000,000000,0000,0,88414051100000
2009578677,40000,60,88,1,18011202000,000000,0000,0,88118011202000
2009578677,40000,60,88,4,24020102000,000000,0000,0,88424020102000
2009578677,40000,60,81,4,18120000000,000000,0000,0,81418120000000
2009578677,40000,60,88,4,14100000000,000000,0000,0,88414100000000
2009550126,50010,30,98,4,14100000000,000000,0000,0,98414100000000
2009550126,50010,10,91,4,11130602000,000000,0000,0,91411130602000
2009550126,50010,10,98,1,18011301000,000000,0000,0,98118011301000
2009550126,50010,10,91,4,18130000000,000000,0000,0,91418130000000
2009550126,50010,10,98,4,14100000000,000000,0000,0,98414100000000
2009550126,50010,30,91,4,11130602000,000000,0000,0,91411130602000
2009550126,50010,10,98,1,18011302000,000000,0000,0,98118011302000
2009550126,50010,10,92,9,11010100000,000000,0000,0,92911010100000
2009550126,50010,10,98,4,14051100000,000000,0000,0,98414051100000
2009550126,50010,30,91,4,18130000000,000000,0000,0,91418130000000
2009550126,50010,30,98,1,19371301000,000000,0000,0,98119371301000
2009550126,50010,10,98,1,19371301000,000000,0000,0,98119371301000
2008720277,10000,61,01,4,11020201000,000000,0000,0,01411020201000
2008720277,10000,61,08,1,19370201000,000000,0000,0,08119370201000
2008720277,10000,61,01,4,11020209000,000000,0000,0,01411020209000
2008720277,10000,61,01,4,18020000000,000000,0000,0,01418020000000
2008720277,10000,61,07,2,15060200000,000000,0000,0,07215060200000
2016985202,20010,39,98,4,24090000000,000000,0000,0,98424090000000
2011344346,40000,40,98,1,13020000000,002100,0000,0,98113020000000
2011344346,40000,10,98,4,24090000000,000000,0000,0,98424090000000
2016793788,80000,10,82,9,11020100000,000000,0000,0,82911020100000
2016793788,80000,10,81,4,11120602000,000000,0000,0,81411120602000
2016793788,80000,10,88,4,14051100000,000000,0000,0,88414051100000
2016793788,80010,31,01,4,18020000000,000000,0000,0,01418020000000
2016793788,80010,31,01,4,11020602000,000000,0000,0,01411020602000
2016793788,80010,31,08,4,14100000000,000000,0000,0,08414100000000
2016793788,80000,10,88,1,18011201000,000000,0000,0,88118011201000
2016793788,80000,10,88,1,18011202000,000000,0000,0,88118011202000
2015262728,90000,11,08,1,13020000000,021210,0000,0,08113020000000
2015262728,90000,11,01,4,19020100000,000000,0000,0,01419020100000
2015262728,90000,11,01,4,15020400000,012160,0000,0,01415020400000
2013244923,60000,11,07,2,15060200000,000000,0000,0,07215060200000
2011017373,30000,11,08,1,13020000000,028350,0000,0,08113020000000
2012454096,80000,20,91,4,11130602000,000000,0000,0,91411130602000
2012454096,80000,60,98,1,19371301000,000000,0000,0,98119371301000
2012454096,80000,60,91,4,11130602000,000000,0000,0,91411130602000
2012454096,80000,60,91,4,18130000000,000000,0000,0,91418130000000
2012454096,80000,60,97,2,15031300000,000000,0000,0,97215031300000
2012454096,80000,20,98,4,14051100000,000000,0000,0,98414051100000
2012454096,80000,20,98,1,18011301000,000000,0000,0,98118011301000
2012454096,80000,60,98,4,14051100000,000000,0000,0,98414051100000
2012454096,80000,20,91,4,18130000000,000000,0000,0,91418130000000
2012454096,80000,60,98,1,18011302000,000000,0000,0,98118011302000
2012454096,80000,60,98,4,14100000000,000000,0000,0,98414100000000
2012454096,80000,60,98,1,18011301000,000000,0000,0,98118011301000
2016693913,50000,10,88,4,14051100000,000000,0000,0,88414051100000
2016693913,50000,10,87,2,15061200000,000000,0000,0,87215061200000
2016693913,50000,10,88,4,24020102000,001950,0000,0,88424020102000
2016693913,50000,10,88,1,18011202000,000000,0000,0,88118011202000
